id,age,sex,region,income,married,children,car,save_act,current_act,mortgage
ID12103,51,FEMALE,INNER_CITY,16575.4,YES,0,YES,YES,YES,NO
ID12108,58,MALE,TOWN,24946.6,YES,0,YES,YES,YES,NO
ID12113,44,FEMALE,TOWN,15735.8,YES,1,NO,YES,YES,YES
ID12114,66,FEMALE,TOWN,55204.7,YES,1,YES,YES,YES,YES
ID12116,38,FEMALE,INNER_CITY,22342.1,YES,0,YES,YES,YES,YES
ID12117,37,FEMALE,TOWN,17729.8,YES,2,NO,NO,NO,YES
ID12141,55,MALE,TOWN,26774.2,YES,0,NO,NO,YES,YES
ID12142,47,FEMALE,INNER_CITY,26952.6,YES,0,YES,NO,YES,NO
ID12143,67,MALE,TOWN,55716.5,NO,2,YES,YES,NO,NO
ID12145,20,MALE,INNER_CITY,13740,NO,2,YES,YES,YES,YES
ID12150,47,FEMALE,RURAL,17867.3,YES,2,YES,YES,NO,NO
ID12152,36,MALE,TOWN,23894.8,YES,0,NO,NO,NO,NO
ID12155,63,MALE,TOWN,56842.5,YES,0,NO,YES,YES,YES
ID12161,42,FEMALE,INNER_CITY,24763.3,YES,1,NO,YES,YES,YES
ID12163,47,MALE,INNER_CITY,27022.6,YES,2,NO,YES,YES,NO
ID12164,20,MALE,INNER_CITY,11700.4,YES,0,NO,YES,NO,NO
ID12165,21,MALE,TOWN,5014.21,NO,0,YES,YES,YES,YES
ID12167,19,MALE,TOWN,10861,NO,2,NO,YES,YES,NO
ID12170,31,FEMALE,RURAL,10441.9,YES,2,NO,NO,YES,NO
ID12172,21,MALE,INNER_CITY,8062.73,NO,0,NO,NO,YES,NO
ID12173,36,MALE,INNER_CITY,31982,YES,3,YES,YES,YES,YES
ID12177,45,FEMALE,TOWN,26948,NO,0,NO,YES,YES,YES
ID12186,36,MALE,INNER_CITY,31683.1,YES,1,YES,YES,YES,NO
ID12187,25,FEMALE,INNER_CITY,15525,YES,0,NO,YES,YES,NO
ID12190,54,FEMALE,INNER_CITY,31095.6,YES,2,NO,NO,YES,NO
ID12198,34,MALE,TOWN,30870.8,YES,2,YES,YES,YES,YES
ID12202,27,FEMALE,INNER_CITY,11604.4,YES,2,YES,YES,YES,NO
ID12203,42,MALE,INNER_CITY,15499.9,YES,0,YES,NO,YES,YES
ID12215,56,MALE,INNER_CITY,43228.2,YES,1,YES,YES,YES,NO
ID12218,26,MALE,INNER_CITY,10044.1,YES,3,NO,YES,YES,YES
ID12222,62,FEMALE,RURAL,54863.8,YES,1,YES,YES,YES,NO
ID12223,36,FEMALE,TOWN,20799,YES,1,NO,YES,NO,YES
ID12237,20,FEMALE,INNER_CITY,14048.9,YES,2,YES,NO,YES,YES
ID12240,64,FEMALE,INNER_CITY,55263,NO,1,NO,YES,YES,NO
ID12243,28,FEMALE,TOWN,17240.6,YES,1,YES,NO,NO,YES
ID12244,64,MALE,TOWN,48974.8,YES,0,YES,YES,YES,YES
ID12246,58,MALE,SUBURBAN,51204.2,YES,0,NO,YES,NO,YES
ID12250,30,FEMALE,SUBURBAN,28240.4,YES,3,YES,YES,YES,NO
ID12251,53,MALE,RURAL,28193.6,YES,1,YES,YES,YES,NO
ID12262,40,FEMALE,INNER_CITY,12977.2,YES,0,NO,NO,NO,NO
ID12265,40,FEMALE,INNER_CITY,24904,YES,0,NO,NO,NO,NO
ID12269,37,FEMALE,TOWN,26707.5,NO,0,YES,YES,YES,NO
ID12270,56,MALE,INNER_CITY,34020.5,YES,0,NO,NO,YES,NO
ID12271,52,MALE,INNER_CITY,49175.7,YES,0,YES,YES,YES,NO
ID12275,67,FEMALE,TOWN,41558.1,YES,2,NO,YES,YES,NO
ID12279,43,MALE,INNER_CITY,15254.8,YES,0,NO,NO,NO,NO
ID12280,63,MALE,INNER_CITY,36086.1,YES,2,NO,NO,YES,NO
ID12281,22,FEMALE,INNER_CITY,17655,YES,1,NO,YES,YES,YES
ID12285,38,FEMALE,INNER_CITY,29622,NO,0,YES,YES,NO,YES
ID12286,49,MALE,RURAL,32669.9,YES,1,YES,YES,YES,YES
ID12291,67,FEMALE,SUBURBAN,63130.1,YES,2,YES,YES,YES,NO
ID12298,52,MALE,INNER_CITY,48720.3,YES,2,YES,YES,YES,NO
ID12300,26,FEMALE,INNER_CITY,20819,YES,0,NO,YES,YES,NO
ID12302,46,FEMALE,TOWN,41627.1,YES,0,NO,YES,YES,YES
ID12314,28,MALE,TOWN,13175.5,NO,1,NO,NO,YES,NO
ID12319,39,MALE,TOWN,31693.5,NO,0,YES,YES,NO,NO
ID12325,57,MALE,RURAL,49874.4,YES,3,NO,YES,YES,NO
ID12327,67,MALE,INNER_CITY,50474.6,YES,2,YES,YES,YES,NO
ID12331,59,FEMALE,INNER_CITY,30189.4,YES,0,YES,NO,YES,YES
ID12333,31,MALE,SUBURBAN,14058.5,YES,0,NO,NO,YES,YES
ID12336,49,FEMALE,INNER_CITY,16711.3,NO,1,NO,YES,YES,YES
ID12337,65,MALE,TOWN,52255.9,NO,2,YES,YES,YES,NO
ID12342,59,FEMALE,INNER_CITY,56031.1,NO,0,YES,YES,YES,NO
ID12350,36,MALE,TOWN,21332.3,YES,3,YES,NO,YES,NO
ID12351,65,MALE,INNER_CITY,57671.7,NO,0,NO,YES,YES,YES
ID12354,42,FEMALE,TOWN,17882.9,YES,1,NO,NO,NO,NO
ID12355,21,FEMALE,RURAL,10629.1,NO,3,NO,YES,YES,YES
ID12361,22,MALE,SUBURBAN,17180.2,YES,0,NO,YES,YES,NO
ID12364,60,FEMALE,INNER_CITY,46358.4,YES,0,YES,YES,YES,YES
ID12368,48,FEMALE,SUBURBAN,30396.1,NO,0,NO,YES,YES,NO
ID12373,36,MALE,TOWN,13236.4,YES,0,NO,YES,YES,NO
ID12374,31,MALE,INNER_CITY,28409.4,YES,1,YES,NO,YES,NO
ID12375,42,FEMALE,INNER_CITY,27056.5,YES,0,YES,YES,YES,NO
ID12376,18,MALE,RURAL,9362.58,YES,0,YES,NO,YES,YES
ID12377,46,FEMALE,SUBURBAN,28702.7,NO,1,NO,YES,YES,YES
ID12379,65,FEMALE,RURAL,24477.5,NO,0,NO,YES,NO,YES
ID12385,22,FEMALE,INNER_CITY,13739,YES,3,NO,YES,YES,NO
ID12390,52,FEMALE,RURAL,37162.1,YES,1,YES,YES,YES,NO
ID12391,23,MALE,INNER_CITY,13519.2,NO,0,NO,YES,YES,NO
ID12395,42,MALE,TOWN,22495.7,YES,0,NO,YES,NO,YES
ID12396,34,MALE,TOWN,32548.9,YES,0,YES,YES,YES,YES
ID12403,45,FEMALE,TOWN,29231.4,YES,0,NO,YES,NO,NO
ID12407,63,MALE,INNER_CITY,52117.3,NO,2,YES,YES,YES,NO
ID12409,48,MALE,TOWN,25683.4,NO,2,YES,YES,YES,NO
ID12411,46,MALE,TOWN,30658.7,YES,0,NO,YES,YES,NO
ID12414,18,FEMALE,RURAL,16109.9,NO,2,YES,YES,YES,NO
ID12422,35,MALE,RURAL,22882.9,YES,0,YES,NO,NO,YES
ID12423,25,FEMALE,TOWN,11043.7,YES,1,YES,YES,NO,YES
ID12424,32,MALE,TOWN,24027.6,NO,0,NO,YES,YES,NO
ID12434,48,MALE,SUBURBAN,17861,YES,2,NO,YES,YES,NO
ID12441,45,FEMALE,SUBURBAN,28864.9,YES,0,NO,YES,YES,NO
ID12444,51,FEMALE,INNER_CITY,19416.8,YES,0,NO,YES,YES,NO
ID12449,63,MALE,INNER_CITY,37930.9,YES,0,NO,YES,NO,YES
ID12465,56,FEMALE,TOWN,51299.3,YES,1,YES,YES,NO,NO
ID12467,59,FEMALE,INNER_CITY,29866.9,NO,1,YES,NO,YES,NO
ID12468,56,MALE,INNER_CITY,47750.2,YES,0,YES,YES,YES,YES
ID12477,58,FEMALE,TOWN,33204.3,NO,1,NO,NO,NO,YES
ID12478,40,MALE,INNER_CITY,24823.5,NO,2,NO,NO,YES,NO
ID12483,30,MALE,INNER_CITY,14606.6,YES,1,NO,NO,YES,NO
ID12487,49,MALE,INNER_CITY,15689.1,NO,0,NO,NO,YES,NO
ID12490,48,FEMALE,INNER_CITY,15933.3,YES,0,NO,YES,NO,NO
ID12493,58,FEMALE,TOWN,38248.3,YES,3,YES,YES,NO,NO
ID12497,40,MALE,RURAL,25768.6,YES,0,YES,YES,NO,NO
ID12498,48,MALE,INNER_CITY,34182.2,YES,2,NO,YES,YES,NO
ID12501,34,FEMALE,RURAL,19481.3,NO,0,NO,NO,YES,YES
ID12504,35,MALE,INNER_CITY,20754.3,NO,0,NO,NO,NO,YES
ID12507,52,MALE,SUBURBAN,45856.1,NO,1,NO,YES,YES,NO
ID12508,31,MALE,SUBURBAN,22362.3,NO,0,NO,YES,YES,NO
ID12516,27,MALE,RURAL,20058.7,YES,0,NO,YES,YES,YES
ID12517,36,MALE,INNER_CITY,12533.2,NO,1,NO,YES,NO,YES
ID12519,28,FEMALE,TOWN,25699.4,YES,2,YES,YES,NO,NO
ID12525,20,MALE,TOWN,17239.5,NO,1,YES,NO,YES,NO
ID12533,46,MALE,TOWN,16849.3,NO,0,YES,YES,YES,YES
ID12551,42,MALE,INNER_CITY,28938.6,YES,3,YES,NO,NO,NO
ID12563,23,FEMALE,INNER_CITY,18050,YES,0,YES,NO,YES,YES
ID12572,51,FEMALE,INNER_CITY,25372.8,YES,0,YES,YES,YES,NO
ID12574,41,FEMALE,TOWN,27757.6,NO,0,NO,YES,YES,NO
ID12581,30,MALE,RURAL,11536.2,YES,2,NO,NO,YES,YES
ID12583,44,MALE,RURAL,32762.5,NO,0,NO,YES,YES,YES
ID12584,23,MALE,RURAL,16403.8,YES,0,YES,YES,NO,NO
ID12586,64,FEMALE,INNER_CITY,49917.3,YES,0,YES,YES,YES,YES
ID12589,27,FEMALE,TOWN,14014.5,YES,3,NO,YES,NO,NO
ID12590,27,MALE,INNER_CITY,20409.3,YES,2,NO,YES,NO,NO
ID12608,22,FEMALE,SUBURBAN,11595.4,NO,0,YES,YES,YES,NO
ID12609,60,MALE,SUBURBAN,50409.9,NO,2,NO,YES,YES,YES
ID12615,37,MALE,INNER_CITY,33886.4,NO,0,YES,YES,NO,NO
ID12623,27,MALE,SUBURBAN,12683.6,NO,3,NO,YES,YES,YES
ID12625,44,MALE,SUBURBAN,18707.3,YES,0,YES,YES,YES,YES
ID12626,43,FEMALE,INNER_CITY,19326.9,YES,1,NO,NO,YES,NO
ID12629,30,FEMALE,INNER_CITY,25830.5,YES,2,NO,NO,YES,NO
ID12631,64,MALE,SUBURBAN,59175.1,YES,1,NO,YES,YES,NO
ID12633,59,MALE,INNER_CITY,30067.5,NO,1,NO,YES,YES,NO
ID12638,61,FEMALE,RURAL,57176.4,NO,2,NO,YES,YES,NO
ID12640,19,MALE,INNER_CITY,10191.8,YES,0,NO,YES,YES,YES
ID12641,48,FEMALE,INNER_CITY,21821.4,YES,1,YES,YES,NO,YES
ID12649,42,MALE,RURAL,20736.2,YES,1,YES,YES,YES,NO
ID12658,41,MALE,RURAL,25132.9,YES,0,NO,NO,YES,NO
ID12663,57,FEMALE,RURAL,50897.6,YES,0,NO,YES,YES,NO
ID12666,30,MALE,TOWN,24867.6,YES,0,YES,YES,NO,NO
ID12683,46,FEMALE,TOWN,21984.4,NO,3,NO,YES,NO,NO
ID12684,47,FEMALE,RURAL,29093.1,NO,2,YES,YES,YES,NO
ID12686,20,MALE,TOWN,9516.91,NO,3,YES,YES,YES,NO
ID12687,20,MALE,INNER_CITY,18364.9,YES,1,NO,NO,YES,NO
ID12693,48,MALE,TOWN,20268,YES,0,NO,YES,YES,NO
ID12698,31,FEMALE,TOWN,15976.3,YES,0,YES,YES,NO,NO
ID12105,57,FEMALE,RURAL,50576.3,YES,0,NO,YES,NO,NO
ID12144,32,FEMALE,TOWN,27571.5,YES,0,YES,NO,YES,YES
ID12151,24,MALE,TOWN,14309.7,NO,2,YES,YES,NO,NO
ID12196,18,FEMALE,INNER_CITY,9990.11,YES,0,NO,YES,YES,NO
ID12212,34,MALE,INNER_CITY,25333.2,YES,3,YES,NO,NO,YES
ID12234,64,FEMALE,SUBURBAN,36436.4,YES,0,YES,NO,YES,NO
ID12299,26,MALE,INNER_CITY,14585.9,NO,2,NO,NO,YES,YES
ID12329,37,MALE,RURAL,28021.6,NO,0,YES,NO,YES,YES
ID12335,57,FEMALE,RURAL,41438.2,NO,3,NO,YES,NO,NO
ID12387,39,MALE,INNER_CITY,24675.7,YES,1,YES,YES,YES,YES
ID12412,66,MALE,INNER_CITY,36646.4,NO,1,NO,YES,YES,NO
ID12431,66,FEMALE,RURAL,52769.9,YES,3,YES,YES,YES,NO
ID12499,64,FEMALE,INNER_CITY,57444.5,NO,1,NO,YES,YES,NO
ID12523,22,MALE,INNER_CITY,11411,YES,1,YES,NO,YES,NO
ID12549,53,MALE,RURAL,48971.6,YES,3,YES,YES,NO,NO
ID12624,34,FEMALE,TOWN,16291,YES,0,YES,YES,NO,YES
ID12630,55,MALE,RURAL,43499.5,YES,1,YES,YES,YES,NO
ID12639,43,FEMALE,INNER_CITY,38784,YES,0,NO,YES,YES,NO
ID12643,32,MALE,INNER_CITY,14627.9,YES,2,YES,YES,YES,NO
ID12645,46,MALE,RURAL,21096.2,YES,1,YES,YES,YES,NO
ID12656,20,FEMALE,TOWN,7723.93,YES,2,YES,YES,YES,NO
ID12662,25,FEMALE,SUBURBAN,23287.9,NO,0,NO,NO,YES,YES
ID12689,58,MALE,RURAL,49673.6,YES,0,NO,YES,YES,NO
ID12321,37,FEMALE,INNER_CITY,26261.7,NO,2,YES,NO,NO,NO
ID12611,29,FEMALE,TOWN,13327.8,YES,0,NO,YES,NO,NO
