Surname,First Name,Survived,Sex,Age,Class
Abbing,Mr. Anthony,no,male,42,3rd
Abbott,Master. Eugene Joseph,no,male,13,3rd
Abbott,Mr. Rossmore Edward,no,male,16,3rd
Abbott,Mrs. Stanton (Rosa Hunt,yes,female,35,3rd
Abelseth,Miss. Karen Marie,yes,female,16,3rd
Abelseth,Mr. Olaus Jorgensen,yes,male,25,3rd
Abelson,Mr. Samuel,no,male,30,2nd
Abelson,Mrs. Samuel (Hannah Wi,yes,female,28,2nd
Abrahamsson,Mr. Abraham August,yes,male,20,3rd
Abrahim,Mrs. Joseph (Sophie Ha,yes,female,18,3rd
Adahl,Mr. Mauritz Nils Martin,no,male,30,3rd
Adams,Mr. John,no,male,26,3rd
Ahlin,Mrs. Johan (Johanna Pers,no,female,40,3rd
Aks,Master. Philip Frank,yes,male,0.833299994,3rd
Aks,Mrs. Sam (Leah Rosen),yes,female,18,3rd
Albimona,Mr. Nassef Cassem,yes,male,26,3rd
Aldworth,Mr. Charles Augustus,no,male,30,2nd
Alexander,Mr. William,no,male,26,3rd
Alhomaki,Mr. Ilmari Rudolf,no,male,20,3rd
Ali,Mr. Ahmed,no,male,24,3rd
Ali,Mr. William,no,male,25,3rd
Allen,Miss. Elisabeth Walton,yes,female,29,1st
Allen,Mr. William Henry,no,male,35,3rd
Allison,Master. Hudson Trevor,yes,male,0.916700006,1st
Allison,Miss. Helen Loraine,no,female,2,1st
Allison,Mr. Hudson Joshua Crei,no,male,30,1st
Allison,Mrs. Hudson J C (Bessi,no,female,25,1st
Allum,Mr. Owen George,no,male,18,3rd
Andersen,Mr. Albert Karvin,no,male,32,3rd
Andersen-Jensen,Miss. Carla Ch,yes,female,19,3rd
Anderson,Mr. Harry,yes,male,48,1st
Andersson,Master. Sigvard Hara,no,male,4,3rd
Andersson,Miss. Ebba Iris Alfr,no,female,6,3rd
Andersson,Miss. Ellis Anna Mar,no,female,2,3rd
Andersson,Miss. Erna Alexandra,yes,female,17,3rd
Andersson,Miss. Ida Augusta Ma,no,female,38,3rd
Andersson,Miss. Ingeborg Const,no,female,9,3rd
Andersson,Miss. Sigrid Elisabe,no,female,11,3rd
Andersson,Mr. Anders Johan,no,male,39,3rd
Andersson,Mr. August Edvard (,yes,male,27,3rd
Andersson,Mr. Johan Samuel,no,male,26,3rd
Andersson,Mrs. Anders Johan (A,no,female,39,3rd
Andreasson,Mr. Paul Edvin,no,male,20,3rd
Andrew,Mr. Edgardo Samuel,no,male,18,2nd
Andrew,Mr. Frank Thomas,no,male,25,2nd
Andrews,Miss. Kornelia Theodos,yes,female,63,1st
Andrews,Mr. Thomas Jr,no,male,39,1st
Angheloff,Mr. Minko,no,male,26,3rd
Angle,Mr. William A,no,male,34,2nd
Angle,Mrs. William A (Florence,yes,female,36,2nd
Appleton,Mrs. Edward Dale (Cha,yes,female,53,1st
Arnold-Franchi,Mr. Josef,no,male,25,3rd
Arnold-Franchi,Mrs. Josef (Jos,no,female,18,3rd
Aronsson,Mr. Ernst Axel Algot,no,male,24,3rd
Artagaveytia,Mr. Ramon,no,male,71,1st
Ashby,Mr. John,no,male,57,2nd
Asim,Mr. Adola,no,male,35,3rd
Asplund,Master. Carl Edgar,no,male,5,3rd
Asplund,Master. Clarence Gusta,no,male,9,3rd
Asplund,Master. Edvin Rojj Fel,yes,male,3,3rd
Asplund,Master. Filip Oscar,no,male,13,3rd
Asplund,Miss. Lillian Gertrud,yes,female,5,3rd
Asplund,Mr. Carl Oscar Vilhelm,no,male,40,3rd
Asplund,Mr. Johan Charles,yes,male,23,3rd
Asplund,Mrs. Carl Oscar (Selma,yes,female,38,3rd
Assaf Khalil,Mrs. Mariana (Mi,yes,female,45,3rd
Assaf,Mr. Gerios,no,male,21,3rd
Assam,Mr. Ali,no,male,23,3rd
Astor,Col. John Jacob,no,male,47,1st
Astor,Mrs. John Jacob (Madelei,yes,female,18,1st
Attalah,Miss. Malake,no,female,17,3rd
Attalah,Mr. Sleiman,no,male,30,3rd
Aubart,Mme. Leontine Pauline,yes,female,24,1st
Augustsson,Mr. Albert,no,male,23,3rd
Ayoub,Miss. Banoura,yes,female,13,3rd
Baccos,Mr. Raffull,no,male,20,3rd
Backstrom,Mr. Karl Alfred,no,male,32,3rd
Backstrom,Mrs. Karl Alfred (Ma,yes,female,33,3rd
Baclini,Miss. Eugenie,yes,female,0.75,3rd
Baclini,Miss. Helene Barbara,yes,female,0.75,3rd
Baclini,Miss. Marie Catherine,yes,female,5,3rd
Baclini,Mrs. Solomon (Latifa Q,yes,female,24,3rd
Badman,Miss. Emily Louisa,yes,female,18,3rd
Badt,Mr. Mohamed,no,male,40,3rd
Bailey,Mr. Percy Andrew,no,male,18,2nd
Baimbrigge,Mr. Charles Robert,no,male,23,2nd
Balkic,Mr. Cerin,no,male,26,3rd
Ball,Mrs. (Ada E Hall),yes,female,36,2nd
Banfield,Mr. Frederick James,no,male,28,2nd
Barah,Mr. Hanna Assi,yes,male,20,3rd
Barbara,Miss. Saiide,no,female,18,3rd
Barbara,Mrs. (Catherine David),no,female,45,3rd
Barber,Miss. Ellen Nellie,yes,female,26,1st
Barkworth,Mr. Algernon Henry W,yes,male,80,1st
Barry,Miss. Julia,no,female,27,3rd
Barton,Mr. David John,no,male,22,3rd
Bateman,Rev. Robert James,no,male,51,2nd
Baumann,Mr. John D,no,male,NA,1st
Baxter,Mr. Quigg Edmond,no,male,24,1st
Baxter,Mrs. James (Helene DeLa,yes,female,50,1st
Bazzani,Miss. Albina,yes,female,32,1st
Beane,Mr. Edward,yes,male,32,2nd
Beane,Mrs. Edward (Ethel Clark,yes,female,19,2nd
Beattie,Mr. Thomson,no,male,36,1st
Beauchamp,Mr. Henry James,no,male,28,2nd
Beavan,Mr. William Thomas,no,male,19,3rd
Becker,Master. Richard F,yes,male,1,2nd
Becker,Miss. Marion Louise,yes,female,4,2nd
Becker,Miss. Ruth Elizabeth,yes,female,12,2nd
Becker,Mrs. Allen Oliver (Nell,yes,female,36,2nd
Beckwith,Mr. Richard Leonard,yes,male,37,1st
Beckwith,Mrs. Richard Leonard,yes,female,47,1st
Beesley,Mr. Lawrence,yes,male,34,2nd
Behr,Mr. Karl Howell,yes,male,26,1st
Bengtsson,Mr. John Viktor,no,male,26,3rd
Bentham,Miss. Lilian W,yes,female,19,2nd
Berglund,Mr. Karl Ivar Sven,no,male,22,3rd
Berriman,Mr. William John,no,male,23,2nd
Betros,Master. Seman,no,male,NA,3rd
Betros,Mr. Tannous,no,male,20,3rd
Bidois,Miss. Rosalie,yes,female,42,1st
Bing,Mr. Lee,yes,male,32,3rd
Bird,Miss. Ellen,yes,female,29,1st
Birkeland,Mr. Hans Martin Mons,no,male,21,3rd
Birnbaum,Mr. Jakob,no,male,25,1st
Bishop,Mr. Dickinson H,yes,male,25,1st
Bishop,Mrs. Dickinson H (Helen,yes,female,19,1st
Bissette,Miss. Amelia,yes,female,35,1st
Bjorklund,Mr. Ernst Herbert,no,male,18,3rd
Bjornstrom-Steffansson,Mr. Mau,yes,male,28,1st
Blackwell,Mr. Stephen Weart,no,male,45,1st
Blank,Mr. Henry,yes,male,40,1st
Bonnell,Miss. Caroline,yes,female,30,1st
Bonnell,Miss. Elizabeth,yes,female,58,1st
Borebank,Mr. John James,no,male,42,1st
Bostandyeff,Mr. Guentcho,no,male,26,3rd
Botsford,Mr. William Hull,no,male,26,2nd
Boulos,Master. Akar,no,male,6,3rd
Boulos,Miss. Nourelain,no,female,9,3rd
Boulos,Mr. Hanna,no,male,NA,3rd
Boulos,Mrs. Joseph (Sultana),no,female,NA,3rd
Bourke,Miss. Mary,no,female,NA,3rd
Bourke,Mr. John,no,male,40,3rd
Bourke,Mrs. John (Catherine),no,female,32,3rd
Bowen,Miss. Grace Scott,yes,female,45,1st
Bowen,Mr. David John Dai,no,male,21,3rd
Bowenur,Mr. Solomon,no,male,42,2nd
Bowerman,Miss. Elsie Edith,yes,female,22,1st
Bracken,Mr. James H,no,male,27,2nd
Bradley,Miss. Bridget Delia,yes,female,22,3rd
Bradley,Mr. George (George Ar,yes,male,NA,1st
Brady,Mr. John Bertram,no,male,41,1st
Braf,Miss. Elin Ester Maria,no,female,20,3rd
Brandeis,Mr. Emil,no,male,48,1st
Braund,Mr. Lewis Richard,no,male,29,3rd
Braund,Mr. Owen Harris,no,male,22,3rd
Brewe,Dr. Arthur Jackson,no,male,NA,1st
Brobeck,Mr. Karl Rudolf,no,male,22,3rd
Brocklebank,Mr. William Alfred,no,male,35,3rd
Brown,Miss. Amelia Mildred,yes,female,24,2nd
Brown,Miss. Edith Eileen,yes,female,15,2nd
Brown,Mr. Thomas William Solom,no,male,60,2nd
Brown,Mrs. James Joseph (Marga,yes,female,44,1st
Brown,Mrs. John Murray (Caroli,yes,female,59,1st
Brown,Mrs. Thomas William Solo,yes,female,40,2nd
Bryhl,Miss. Dagmar Jenny Ingeb,yes,female,20,2nd
Bryhl,Mr. Kurt Arnold Gottfrid,no,male,25,2nd
Buckley,Miss. Katherine,no,female,18.5,3rd
Buckley,Mr. Daniel,yes,male,21,3rd
Bucknell,Mrs. William Robert (,yes,female,60,1st
Burke,Mr. Jeremiah,no,male,19,3rd
Burns,Miss. Elizabeth Margaret,yes,female,41,1st
Burns,Miss. Mary Delia,no,female,18,3rd
Buss,Miss. Kate,yes,female,36,2nd
Butler,Mr. Reginald Fenton,no,male,25,2nd
Butt,Major. Archibald Will,no,male,45,1st
Byles,Rev. Thomas Roussel Davi,no,male,42,2nd
Bystrom,Mrs. (Karolina),yes,female,42,2nd
Cacic,Miss. Manda,no,female,21,3rd
Cacic,Miss. Marija,no,female,30,3rd
Cacic,Mr. Jego Grga,no,male,18,3rd
Cacic,Mr. Luka,no,male,38,3rd
Cairns,Mr. Alexander,no,male,NA,1st
Calderhead,Mr. Edward Penningt,yes,male,42,1st
Caldwell,Master. Alden Gates,yes,male,0.833299994,2nd
Caldwell,Mr. Albert Francis,yes,male,26,2nd
Caldwell,Mrs. Albert Francis ,yes,female,22,2nd
Calic,Mr. Jovo,no,male,17,3rd
Calic,Mr. Petar,no,male,17,3rd
Cameron,Miss. Clear Annie,yes,female,35,2nd
Campbell,Mr. William,no,male,NA,2nd
Canavan,Miss. Mary,no,female,21,3rd
Canavan,Mr. Patrick,no,male,21,3rd
Candee,Mrs. Edward (Helen Chur,yes,female,53,1st
Cann,Mr. Ernest Charles,no,male,21,3rd
Caram,Mr. Joseph,no,male,NA,3rd
Caram,Mrs. Joseph (Maria Elias,no,female,NA,3rd
Carbines,Mr. William,no,male,19,2nd
Cardeza,Mr. Thomas Drake Marti,yes,male,36,1st
Cardeza,Mrs. James Warburton M,yes,female,58,1st
Carlsson,Mr. August Sigfrid,no,male,28,3rd
Carlsson,Mr. Carl Robert,no,male,24,3rd
Carlsson,Mr. Frans Olof,no,male,33,1st
Carr,Miss. Helen Ellen,yes,female,16,3rd
Carr,Miss. Jeannie,no,female,37,3rd
Carrau,Mr. Francisco M,no,male,28,1st
Carrau,Mr. Jose Pedro,no,male,17,1st
Carter,Master. William Thornto,yes,male,11,1st
Carter,Miss. Lucile Polk,yes,female,14,1st
Carter,Mr. William Ernest,yes,male,36,1st
Carter,Mrs. Ernest Courtenay (,no,female,44,2nd
Carter,Mrs. William Ernest (Lu,yes,female,36,1st
Carter,Rev. Ernest Courtenay,no,male,54,2nd
Carver,Mr. Alfred John,no,male,28,3rd
Case,Mr. Howard Brown,no,male,49,1st
Cassebeer,Mrs. Henry Arthur Jr,yes,female,NA,1st
Cavendish,Mr. Tyrell William,no,male,36,1st
Cavendish,Mrs. Tyrell William,yes,female,76,1st
Celotti,Mr. Francesco,no,male,24,3rd
Chaffee,Mr. Herbert Fuller,no,male,46,1st
Chaffee,Mrs. Herbert Fuller (C,yes,female,47,1st
Chambers,Mr. Norman Campbell,yes,male,27,1st
Chambers,Mrs. Norman Campbell,yes,female,33,1st
Chapman,Mr. Charles Henry,no,male,52,2nd
Chapman,Mr. John Henry,no,male,37,2nd
Chapman,Mrs. John Henry (Sara,no,female,29,2nd
Charters,Mr. David,no,male,21,3rd
Chaudanson,Miss. Victorine,yes,female,36,1st
Cherry,Miss. Gladys,yes,female,30,1st
Chevre,Mr. Paul Romaine,yes,male,45,1st
Chibnall,Mrs. (Edith Martha Bo,yes,female,NA,1st
Chip,Mr. Chang,yes,male,32,3rd
Chisholm,Mr. Roderick Robert C,no,male,NA,1st
Christmann,Mr. Emil,no,male,29,3rd
Christy,Miss. Julie Rachel,yes,female,25,2nd
Christy,Mrs. (Alice Frances),yes,female,45,2nd
Chronopoulos,Mr. Apostolos,no,male,26,3rd
Chronopoulos,Mr. Demetrios,no,male,18,3rd
Clark,Mr. Walter Miller,no,male,27,1st
Clark,Mrs. Walter Miller (Virg,yes,female,26,1st
Clarke,Mr. Charles Valentine,no,male,29,2nd
Clarke,Mrs. Charles V (Ada Mar,yes,female,28,2nd
Cleaver,Miss. Alice,yes,female,22,1st
Clifford,Mr. George Quincy,no,male,NA,1st
Coelho,Mr. Domingos Fernandeo,no,male,20,3rd
Cohen,Mr. Gurshon Gus,yes,male,18,3rd
Colbert,Mr. Patrick,no,male,24,3rd
Coleff,Mr. Peju,no,male,36,3rd
Coleff,Mr. Satio,no,male,24,3rd
Coleridge,Mr. Reginald Charles,no,male,29,2nd
Collander,Mr. Erik Gustaf,no,male,28,2nd
Collett,Mr. Sidney C Stuart,yes,male,24,2nd
Colley,Mr. Edward Pomeroy,no,male,47,1st
Collyer,Miss. Marjorie Lottie,yes,female,8,2nd
Collyer,Mr. Harvey,no,male,31,2nd
Collyer,Mrs. Harvey (Charlotte,yes,female,31,2nd
Compton,Miss. Sara Rebecca,yes,female,39,1st
Compton,Mr. Alexander Taylor J,no,male,37,1st
Compton,Mrs. Alexander Taylor,yes,female,64,1st
Conlon,Mr. Thomas Henry,no,male,31,3rd
Connaghton,Mr. Michael,no,male,31,3rd
Connolly,Miss. Kate (A),yes,female,22,3rd
Connolly,Miss. Kate (B),no,female,30,3rd
Connors,Mr. Patrick,no,male,70.5,3rd
Cook,Mr. Jacob,no,male,43,3rd
Cook,Mrs. (Selena Rogers),yes,female,22,2nd
Cor,Mr. Bartol,no,male,35,3rd
Cor,Mr. Ivan,no,male,27,3rd
Cor,Mr. Liudevit,no,male,19,3rd
Corbett,Mrs. Walter H (Irene C,no,female,30,2nd
Corey,Mrs. Percy C (Mary Phyll,no,female,NA,2nd
Corn,Mr. Harry,no,male,30,3rd
Cornell,Mrs. Robert Clifford (,yes,female,55,1st
Cotterill,Mr. Henry Harry,no,male,21,2nd
Coutts,Master. Eden Leslie Ne,yes,male,9,3rd
Coutts,Master. William Loch W,yes,male,3,3rd
Coutts,Mrs. William (Winnie M,yes,female,36,3rd
Coxon,Mr. Daniel,no,male,59,3rd
Crafton,Mr. John Bertram,no,male,NA,1st
Crease,Mr. Ernest James,no,male,19,3rd
Cribb,Miss. Laura Alice,yes,female,17,3rd
Cribb,Mr. John Hatfield,no,male,44,3rd
Crosby,Capt. Edward Gifford,no,male,70,1st
Crosby,Miss. Harriet R,yes,female,36,1st
Crosby,Mrs. Edward Gifford (Ca,yes,female,64,1st
Culumovic,Mr. Jeso,no,male,17,3rd
Cumings,Mr. John Bradley,no,male,39,1st
Cumings,Mrs. John Bradley (Flo,yes,female,38,1st
Cunningham,Mr. Alfred Fleming,no,male,NA,2nd
Daher,Mr. Shedid,no,male,22.5,3rd
Dahl,Mr. Karl Edwart,yes,male,45,3rd
Dahlberg,Miss. Gerda Ulrika,no,female,22,3rd
Dakic,Mr. Branko,no,male,19,3rd
Daly,Miss. Margaret Marcella ,yes,female,30,3rd
Daly,Mr. Eugene Patrick,yes,male,29,3rd
Daly,Mr. Peter Denis,yes,male,51,1st
Danbom,Master. Gilbert Sigvard,no,male,0.333299994,3rd
Danbom,Mr. Ernst Gilbert,no,male,34,3rd
Danbom,Mrs. Ernst Gilbert (Ann,no,female,28,3rd
Daniel,Mr. Robert Williams,yes,male,27,1st
Daniels,Miss. Sarah,yes,female,33,1st
Danoff,Mr. Yoto,no,male,27,3rd
Dantcheff,Mr. Ristiu,no,male,25,3rd
Davidson,Mr. Thornton,no,male,31,1st
Davidson,Mrs. Thornton (Orian,yes,female,27,1st
Davies,Master. John Morgan Jr,yes,male,8,2nd
Davies,Mr. Alfred J,no,male,24,3rd
Davies,Mr. Charles Henry,no,male,18,2nd
Davies,Mr. Evan,no,male,22,3rd
Davies,Mr. John Samuel,no,male,21,3rd
Davies,Mr. Joseph,no,male,17,3rd
Davies,Mrs. John Morgan (Eliza,yes,female,48,2nd
Davis,Miss. Mary,yes,female,28,2nd
Davison,Mr. Thomas Henry,no,male,NA,3rd
Davison,Mrs. Thomas Henry (Mar,yes,female,NA,3rd
de Brito,Mr. Jose Joaquim,no,male,32,2nd
de Messemaeker,Mr. Guillaume J,yes,male,36.5,3rd
de Messemaeker,Mrs. Guillaume,yes,female,36,3rd
de Mulder,Mr. Theodore,yes,male,30,3rd
de Pelsmaeker,Mr. Alfons,no,male,16,3rd
Deacon,Mr. Percy William,no,male,17,2nd
Dean,Master. Bertram Vere,yes,male,1,3rd
Dean,Miss. Elizabeth Gladys M,yes,female,0.166700006,3rd
Dean,Mr. Bertram Frank,no,male,26,3rd
Dean,Mrs. Bertram (Eva),yes,female,33,3rd
del Carlo,Mr. Sebastiano,no,male,29,2nd
del Carlo,Mrs. Sebastiano (Arg,yes,female,24,2nd
Delalic,Mr. Redjo,no,male,25,3rd
Demetri,Mr. Marinko,no,male,NA,3rd
Denbury,Mr. Herbert,no,male,25,2nd
Denkoff,Mr. Mitto,no,male,NA,3rd
Dennis,Mr. Samuel,no,male,22,3rd
Dennis,Mr. William,no,male,36,3rd
Devaney,Miss. Margaret Delia,yes,female,19,3rd
Dibden,Mr. William,no,male,18,2nd
Dick,Mr. Albert Adrian,yes,male,31,1st
Dick,Mrs. Albert Adrian (Vera,yes,female,17,1st
Dika,Mr. Mirko,no,male,17,3rd
Dimic,Mr. Jovan,no,male,42,3rd
Dintcheff,Mr. Valtcho,no,male,43,3rd
Dodge,Dr. Washington,yes,male,53,1st
Dodge,Master. Washington,yes,male,4,1st
Dodge,Mrs. Washington (Ruth Vi,yes,female,54,1st
Doharr,Mr. Tannous,no,male,NA,3rd
Doling,Miss. Elsie,yes,female,18,2nd
Doling,Mrs. John T (Ada Julia,yes,female,34,2nd
Dooley,Mr. Patrick,no,male,32,3rd
Dorking,Mr. Edward Arthur,yes,male,19,3rd
Douglas,Mr. Walter Donald,no,male,50,1st
Douglas,Mrs. Frederick Charles,yes,female,27,1st
Douglas,Mrs. Walter Donald (Ma,yes,female,48,1st
Dowdell,Miss. Elizabeth,yes,female,30,3rd
Downton,Mr. William James,no,male,54,2nd
Doyle,Miss. Elizabeth,no,female,24,3rd
Drapkin,Miss. Jennie,yes,female,23,3rd
Drazenoic,Mr. Jozef,no,male,33,3rd
Drew,Master. Marshall Brines,yes,male,8,2nd
Drew,Mr. James Vivian,no,male,42,2nd
Drew,Mrs. James Vivian (Lulu T,yes,female,34,2nd
Duane,Mr. Frank,no,male,65,3rd
Duff Gordon,Lady. (Lucille Chr,yes,female,48,1st
Duff Gordon,Sir. Cosmo Edmund,yes,male,49,1st
Dulles,Mr. William Crothers,no,male,39,1st
Duquemin,Mr. Joseph,yes,male,24,3rd
Duran y More,Miss. Asuncion,yes,female,27,2nd
Duran y More,Miss. Florentina,yes,female,30,2nd
Dyker,Mr. Adolf Fredrik,no,male,23,3rd
Dyker,Mrs. Adolf Fredrik (Anna,yes,female,22,3rd
Earnshaw,Mrs. Boulton (Olive P,yes,female,23,1st
Edvardsson,Mr. Gustaf Hjalmar,no,male,18,3rd
Eitemiller,Mr. George Floyd,no,male,23,2nd
Eklund,Mr. Hans Linus,no,male,16,3rd
Ekstrom,Mr. Johan,no,male,45,3rd
Elias,Mr. Dibo,no,male,NA,3rd
Elias,Mr. Joseph,no,male,39,3rd
Elias,Mr. Joseph Jr,no,male,17,3rd
Elias,Mr. Tannous,no,male,15,3rd
Elsbury,Mr. William James,no,male,47,3rd
Emanuel,Miss. Virginia Ethel,yes,female,5,3rd
Emir,Mr. Farred Chehab,no,male,NA,3rd
Enander,Mr. Ingvar,no,male,21,2nd
Endres,Miss. Caroline Louise,yes,female,38,1st
Eustis,Miss. Elizabeth Mussey,yes,female,54,1st
Evans,Miss. Edith Corse,no,female,36,1st
Everett,Mr. Thomas James,no,male,40.5,3rd
Fahlstrom,Mr. Arne Jonas,no,male,18,2nd
Farrell,Mr. James,no,male,40.5,3rd
Farthing,Mr. John,no,male,NA,1st
Faunthorpe,Mr. Harry,no,male,40,2nd
Faunthorpe,Mrs. Lizzie (Elizab,yes,female,29,2nd
Fillbrook,Mr. Joseph Charles,no,male,18,2nd
Finoli,Mr. Luigi,yes,male,NA,3rd
Fischer,Mr. Eberhard Thelander,no,male,18,3rd
Flegenheim,Mrs. Alfred (Antoin,yes,female,NA,1st
Fleming,Miss. Honora,no,female,NA,3rd
Fleming,Miss. Margaret,yes,female,NA,1st
Flynn,Mr. James,no,male,NA,3rd
Flynn,Mr. John,no,male,NA,3rd
Flynn,Mr. John Irwin (Irving,yes,male,36,1st
Foley,Mr. Joseph,no,male,26,3rd
Foley,Mr. William,no,male,NA,3rd
Foo,Mr. Choong,yes,male,NA,3rd
Ford,Miss. Doolina Margaret D,no,female,21,3rd
Ford,Miss. Robina Maggie Ruby,no,female,9,3rd
Ford,Mr. Arthur,no,male,NA,3rd
Ford,Mr. Edward Watson,no,male,18,3rd
Ford,Mr. William Neal,no,male,16,3rd
Ford,Mrs. Edward (Margaret),no,female,48,3rd
Foreman,Mr. Benjamin Laventall,no,male,30,1st
Fortune,Miss. Alice Elizabeth,yes,female,24,1st
Fortune,Miss. Ethel Flora,yes,female,28,1st
Fortune,Miss. Mabel Helen,yes,female,23,1st
Fortune,Mr. Charles Alexander,no,male,19,1st
Fortune,Mr. Mark,no,male,64,1st
Fortune,Mrs. Mark (Mary McDoug,yes,female,60,1st
Fox,Mr. Patrick,no,male,NA,3rd
Fox,Mr. Stanley Hubert,no,male,36,2nd
Francatelli,Miss. Laura Mabel,yes,female,30,1st
Franklin,Mr. Charles (Charles,no,male,NA,3rd
Franklin,Mr. Thomas Parham,no,male,NA,1st
Frauenthal,Dr. Henry William,yes,male,50,1st
Frauenthal,Mr. Isaac Gerald,yes,male,43,1st
Frauenthal,Mrs. Henry William,yes,female,NA,1st
Frolicher,Miss. Hedwig Margari,yes,female,22,1st
Frolicher-Stehli,Mr. Maxmillia,yes,male,60,1st
Frolicher-Stehli,Mrs. Maxmilli,yes,female,48,1st
Frost,Mr. Anthony Wood Archie,no,male,NA,2nd
Fry,Mr. Richard,no,male,NA,1st
Funk,Miss. Annie Clemmer,no,female,38,2nd
Futrelle,Mr. Jacques Heath,no,male,37,1st
Futrelle,Mrs. Jacques Heath (L,yes,female,35,1st
Fynney,Mr. Joseph J,no,male,35,2nd
Gale,Mr. Harry,no,male,38,2nd
Gale,Mr. Shadrach,no,male,34,2nd
Gallagher,Mr. Martin,no,male,25,3rd
Garfirth,Mr. John,no,male,NA,3rd
Garside,Miss. Ethel,yes,female,34,2nd
Gaskell,Mr. Alfred,no,male,16,2nd
Gavey,Mr. Lawrence,no,male,26,2nd
Gee,Mr. Arthur H,no,male,47,1st
Geiger,Miss. Amalie,yes,female,35,1st
Gheorgheff,Mr. Stanio,no,male,NA,3rd
Gibson,Miss. Dorothy Winifred,yes,female,22,1st
Gibson,Mrs. Leonard (Pauline C,yes,female,45,1st
Giglio,Mr. Victor,no,male,24,1st
Gilbert,Mr. William,no,male,47,2nd
Giles,Mr. Edgar,no,male,21,2nd
Giles,Mr. Frederick Edward,no,male,21,2nd
Giles,Mr. Ralph,no,male,24,2nd
Gilinski,Mr. Eliezer,no,male,22,3rd
Gill,Mr. John William,no,male,24,2nd
Gillespie,Mr. William Henry,no,male,34,2nd
Gilnagh,Miss. Katherine Katie,yes,female,16,3rd
Givard,Mr. Hans Kristensen,no,male,30,2nd
Glynn,Miss. Mary Agatha,yes,female,NA,3rd
Goldenberg,Mr. Samuel L,yes,male,49,1st
Goldenberg,Mrs. Samuel L (Edwi,yes,female,NA,1st
Goldschmidt,Mr. George B,no,male,71,1st
Goldsmith,Master. Frank John W,yes,male,9,3rd
Goldsmith,Mr. Frank John,no,male,33,3rd
Goldsmith,Mr. Nathan,no,male,41,3rd
Goldsmith,Mrs. Frank John (Emi,yes,female,31,3rd
Goncalves,Mr. Manuel Estanslas,no,male,38,3rd
Goodwin,Master. Harold Victor,no,male,9,3rd
Goodwin,Master. Sidney Leonard,no,male,1,3rd
Goodwin,Master. William Freder,no,male,11,3rd
Goodwin,Miss. Jessie Allis,no,female,10,3rd
Goodwin,Miss. Lillian Amy,no,female,16,3rd
Goodwin,Mr. Charles Edward,no,male,14,3rd
Goodwin,Mr. Charles Frederick,no,male,40,3rd
Goodwin,Mrs. Frederick (August,no,female,43,3rd
Gracie,Col. Archibald IV,yes,male,53,1st
Graham,Miss. Margaret Edith,yes,female,19,1st
Graham,Mr. George Edward,no,male,38,1st
Graham,Mrs. William Thompson,yes,female,58,1st
Green,Mr. George Henry,no,male,51,3rd
Greenberg,Mr. Samuel,no,male,52,2nd
Greenfield,Mr. William Bertram,yes,male,23,1st
Greenfield,Mrs. Leo David (Bla,yes,female,45,1st
Gronnestad,Mr. Daniel Danielse,no,male,32,3rd
Guest,Mr. Robert,no,male,NA,3rd
Guggenheim,Mr. Benjamin,no,male,46,1st
Gustafsson,Mr. Alfred Ossian,no,male,20,3rd
Gustafsson,Mr. Anders Vilhelm,no,male,37,3rd
Gustafsson,Mr. Johan Birger,no,male,28,3rd
Gustafsson,Mr. Karl Gideon,no,male,19,3rd
Haas,Miss. Aloisia,no,female,24,3rd
Hagardon,Miss. Kate,no,female,17,3rd
Hagland,Mr. Ingvald Olai Olsen,no,male,NA,3rd
Hagland,Mr. Konrad Mathias Rei,no,male,NA,3rd
Hakkarainen,Mr. Pekka Pietari,no,male,28,3rd
Hakkarainen,Mrs. Pekka Pietari,yes,female,24,3rd
Hale,Mr. Reginald,no,male,30,2nd
Hamalainen,Master. Viljo,yes,male,0.666700006,2nd
Hamalainen,Mrs. William (Anna),yes,female,24,2nd
Hampe,Mr. Leon,no,male,20,3rd
Hanna,Mr. Mansour,no,male,23.5,3rd
Hansen,Mr. Claus Peter,no,male,41,3rd
Hansen,Mr. Henrik Juul,no,male,26,3rd
Hansen,Mr. Henry Damsgaard,no,male,21,3rd
Hansen,Mrs. Claus Peter (Jenni,yes,female,45,3rd
Harbeck,Mr. William H,no,male,44,2nd
Harder,Mr. George Achilles,yes,male,25,1st
Harder,Mrs. George Achilles (D,yes,female,25,1st
Harknett,Miss. Alice Phoebe,no,female,NA,3rd
Harmer,Mr. Abraham (David Lish,no,male,25,3rd
Harper,Miss. Annie Jessie Nin,yes,female,6,2nd
Harper,Mr. Henry Sleeper,yes,male,48,1st
Harper,Mrs. Henry Sleeper (Myn,yes,female,49,1st
Harper,Rev. John,no,male,28,2nd
Harrington,Mr. Charles H,no,male,NA,1st
Harris,Mr. George,yes,male,62,2nd
Harris,Mr. Henry Birkhardt,no,male,45,1st
Harris,Mr. Walter,no,male,30,2nd
Harris,Mrs. Henry Birkhardt,yes,female,35,1st
Harrison,Mr. William,no,male,40,1st
Hart,Miss. Eva Miriam,yes,female,7,2nd
Hart,Mr. Benjamin,no,male,43,2nd
Hart,Mr. Henry,no,male,NA,3rd
Hart,Mrs. Benjamin (Esther),yes,female,45,2nd
Hassab,Mr. Hammad,yes,male,27,1st
Hassan,Mr. Houssein G N,no,male,11,3rd
Hawksford,Mr. Walter James,yes,male,NA,1st
Hays,Miss. Margaret Bechstein,yes,female,24,1st
Hays,Mr. Charles Melville,no,male,55,1st
Hays,Mrs. Charles Melville,yes,female,52,1st
Head,Mr. Christopher,no,male,42,1st
Healy,Miss. Hanora Nora,yes,female,NA,3rd
Hedman,Mr. Oskar Arvid,yes,male,27,3rd
Hee,Mr. Ling,yes,male,NA,3rd
Hegarty,Miss. Hanora Nora,no,female,18,3rd
Heikkinen,Miss. Laina,yes,female,26,3rd
Heininen,Miss. Wendla Maria,no,female,23,3rd
Hellstrom,Miss. Hilda Maria,yes,female,22,3rd
Hendekovic,Mr. Ignjac,no,male,28,3rd
Henriksson,Miss. Jenny Lovisa,no,female,28,3rd
Henry,Miss. Delia,no,female,NA,3rd
Herman,Miss. Alice,yes,female,24,2nd
Herman,Miss. Kate,yes,female,24,2nd
Herman,Mr. Samuel,no,male,49,2nd
Herman,Mrs. Samuel (Jane Laver,yes,female,48,2nd
Hewlett,Mrs. (Mary D Kingcome),yes,female,55,2nd
Hickman,Mr. Leonard Mark,no,male,24,2nd
Hickman,Mr. Lewis,no,male,32,2nd
Hickman,Mr. Stanley George,no,male,21,2nd
Hilliard,Mr. Herbert Henry,no,male,NA,1st
Hiltunen,Miss. Marta,no,female,18,2nd
Hipkins,Mr. William Edward,no,male,55,1st
Hippach,Miss. Jean Gertrude,yes,female,16,1st
Hippach,Mrs. Louis Albert (Ida,yes,female,44,1st
Hirvonen,Miss. Hildur E,yes,female,2,3rd
Hirvonen,Mrs. Alexander (Helga,yes,female,22,3rd
Hocking,Miss. Ellen Nellie,yes,female,20,2nd
Hocking,Mr. Richard George,no,male,23,2nd
Hocking,Mr. Samuel James Metca,no,male,36,2nd
Hocking,Mrs. Elizabeth (Eliza,yes,female,54,2nd
Hodges,Mr. Henry Price,no,male,50,2nd
Hogeboom,Mrs. John C (Anna And,yes,female,51,1st
Hold,Mr. Stephen,no,male,44,2nd
Hold,Mrs. Stephen (Annie Marg,yes,female,29,2nd
Holm,Mr. John Fredrik Alex,no,male,43,3rd
Holthen,Mr. Johan Martin,no,male,28,3rd
Holverson,Mr. Alexander Oskar,no,male,42,1st
Holverson,Mrs. Alexander Oskar,yes,female,35,1st
Homer,Mr. Harry (Mr E Haven),yes,male,35,1st
Honkanen,Miss. Eliina,yes,female,27,3rd
Hood,Mr. Ambrose Jr,no,male,21,2nd
Horgan,Mr. John,no,male,NA,3rd
Hosono,Mr. Masabumi,yes,male,42,2nd
Howard,Miss. May Elizabeth,yes,female,NA,3rd
Howard,Mr. Benjamin,no,male,63,2nd
Howard,Mrs. Benjamin (Ellen Tr,no,female,60,2nd
Hoyt,Mr. Frederick Maxfield,yes,male,38,1st
Hoyt,Mr. William Fisher,no,male,NA,1st
Hoyt,Mrs. Frederick Maxfield,yes,female,35,1st
Humblen,Mr. Adolf Mathias Nico,no,male,42,3rd
Hunt,Mr. George Henry,no,male,33,2nd
Hyman,Mr. Abraham,yes,male,NA,3rd
Ibrahim Shawah,Mr. Yousseff,no,male,30,3rd
Icard,Miss. Amelie,yes,female,38,1st
Ilett,Miss. Bertha,yes,female,17,2nd
Ilieff,Mr. Ylio,no,male,NA,3rd
Ilmakangas,Miss. Ida Livija,no,female,27,3rd
Ilmakangas,Miss. Pieta Sofia,no,female,25,3rd
Isham,Miss. Ann Elizabeth,no,female,50,1st
Ismay,Mr. Joseph Bruce,yes,male,49,1st
Ivanoff,Mr. Kanio,no,male,NA,3rd
Jacobsohn,Mr. Sidney Samuel,no,male,42,2nd
Jacobsohn,Mrs. Sidney Samuel ,yes,female,24,2nd
Jalsevac,Mr. Ivan,yes,male,29,3rd
Jansson,Mr. Carl Olof,yes,male,21,3rd
Jardin,Mr. Jose Neto,no,male,NA,3rd
Jarvis,Mr. John Denzil,no,male,47,2nd
Jefferys,Mr. Clifford Thomas,no,male,24,2nd
Jefferys,Mr. Ernest Wilfred,no,male,22,2nd
Jenkin,Mr. Stephen Curnow,no,male,32,2nd
Jensen,Mr. Hans Peder,no,male,20,3rd
Jensen,Mr. Niels Peder,no,male,48,3rd
Jensen,Mr. Svend Lauritz,no,male,17,3rd
Jermyn,Miss. Annie,yes,female,NA,3rd
Jerwan,Mrs. Amin S (Marie Mart,yes,female,23,2nd
Johannesen-Bratthammer,Mr. Ber,yes,male,NA,3rd
Johanson,Mr. Jakob Alfred,no,male,34,3rd
Johansson Palmquist,Mr. Oskar,yes,male,26,3rd
Johansson,Mr. Erik,no,male,22,3rd
Johansson,Mr. Gustaf Joel,no,male,33,3rd
Johansson,Mr. Karl Johan,no,male,31,3rd
Johansson,Mr. Nils,no,male,29,3rd
Johnson,Master. Harold Theodor,yes,male,4,3rd
Johnson,Miss. Eleanor Ileen,yes,female,1,3rd
Johnson,Mr. Alfred,no,male,49,3rd
Johnson,Mr. Malkolm Joackim,no,male,33,3rd
Johnson,Mr. William Cahoone Jr,no,male,19,3rd
Johnson,Mrs. Oscar W (Elisabet,yes,female,27,3rd
Johnston,Master. William Arthu,no,male,NA,3rd
Johnston,Miss. Catherine Helen,no,female,NA,3rd
Johnston,Mr. Andrew G,no,male,NA,3rd
Johnston,Mrs. Andrew G (Elizab,no,female,NA,3rd
Jones,Mr. Charles Cresson,no,male,46,1st
Jonkoff,Mr. Lalio,no,male,23,3rd
Jonsson,Mr. Carl,yes,male,32,3rd
Jonsson,Mr. Nils Hilding,no,male,27,3rd
Julian,Mr. Henry Forbes,no,male,50,1st
Jussila,Miss. Katriina,no,female,20,3rd
Jussila,Miss. Mari Aina,no,female,21,3rd
Jussila,Mr. Eiriik,yes,male,32,3rd
Kallio,Mr. Nikolai Erland,no,male,17,3rd
Kalvik,Mr. Johannes Halvorsen,no,male,21,3rd
Kantor,Mr. Sinai,no,male,34,2nd
Kantor,Mrs. Sinai (Miriam Ster,yes,female,24,2nd
Karaic,Mr. Milan,no,male,30,3rd
Karlsson,Mr. Einar Gervasius,yes,male,21,3rd
Karlsson,Mr. Julius Konrad Eug,no,male,33,3rd
Karlsson,Mr. Nils August,no,male,22,3rd
Karnes,Mrs. J Frank (Claire Be,no,female,22,2nd
Karun,Miss. Manca,yes,female,4,3rd
Karun,Mr. Franz,yes,male,39,3rd
Kassem,Mr. Fared,no,male,NA,3rd
Katavelas,Mr. Vassilios (Cata,no,male,18.5,3rd
Keane,Miss. Nora A,yes,female,NA,2nd
Keane,Mr. Andrew Andy,no,male,NA,3rd
Keane,Mr. Daniel,no,male,35,2nd
Keefe,Mr. Arthur,no,male,NA,3rd
Keeping,Mr. Edwin,no,male,32.5,1st
Kelly,Miss. Anna Katherine An,yes,female,NA,3rd
Kelly,Miss. Mary,yes,female,NA,3rd
Kelly,Mr. James (A),no,male,34.5,3rd
Kelly,Mr. James (B),no,male,44,3rd
Kelly,Mrs. Florence Fannie,yes,female,45,2nd
Kennedy,Mr. John,yes,male,NA,3rd
Kent,Mr. Edward Austin,no,male,58,1st
Kenyon,Mr. Frederick R,no,male,41,1st
Kenyon,Mrs. Frederick R (Mario,yes,female,NA,1st
Khalil,Mr. Betros,no,male,NA,3rd
Khalil,Mrs. Betros (Zahie Mar,no,female,NA,3rd
Kiernan,Mr. John,no,male,NA,3rd
Kiernan,Mr. Philip,no,male,NA,3rd
Kilgannon,Mr. Thomas J,no,male,NA,3rd
Kimball,Mr. Edwin Nelson Jr,yes,male,42,1st
Kimball,Mrs. Edwin Nelson Jr (,yes,female,45,1st
Kink,Miss. Maria,no,female,22,3rd
Kink,Mr. Vincenz,no,male,26,3rd
Kink-Heilmann,Miss. Luise Gret,yes,female,4,3rd
Kink-Heilmann,Mr. Anton,yes,male,29,3rd
Kink-Heilmann,Mrs. Anton (Luis,yes,female,26,3rd
Kirkland,Rev. Charles Leonard,no,male,57,2nd
Klaber,Mr. Herman,no,male,NA,1st
Klasen,Miss. Gertrud Emilia,no,female,1,3rd
Klasen,Mr. Klas Albin,no,male,18,3rd
Klasen,Mrs. (Hulda Kristina Eu,no,female,36,3rd
Knight,Mr. Robert J,no,male,NA,2nd
Kraeff,Mr. Theodor,no,male,NA,3rd
Krekorian,Mr. Neshan,yes,male,25,3rd
Kreuchen,Miss. Emilie,yes,female,39,1st
Kvillner,Mr. Johan Henrik Joha,no,male,31,2nd
Lahoud,Mr. Sarkis,no,male,NA,3rd
Lahtinen,Mrs. William (Anna Sy,no,female,26,2nd
Lahtinen,Rev. William,no,male,30,2nd
Laitinen,Miss. Kristina Sofia,no,female,37,3rd
Laleff,Mr. Kristo,no,male,NA,3rd
Lam,Mr. Ali,yes,male,NA,3rd
Lam,Mr. Len,no,male,NA,3rd
Lamb,Mr. John Joseph,no,male,NA,2nd
Landergren,Miss. Aurora Adelia,yes,female,22,3rd
Lane,Mr. Patrick,no,male,NA,3rd
Lang,Mr. Fang,yes,male,26,3rd
Laroche,Miss. Louise,yes,female,1,2nd
Laroche,Miss. Simonne Marie An,yes,female,3,2nd
Laroche,Mr. Joseph Philippe Le,no,male,25,2nd
Laroche,Mrs. Joseph (Juliette,yes,female,22,2nd
Larsson,Mr. August Viktor,no,male,29,3rd
Larsson,Mr. Bengt Edvin,no,male,29,3rd
Larsson-Rondberg,Mr. Edvard A,no,male,22,3rd
Leader,Dr. Alice (Farnham),yes,female,49,1st
Leeni,Mr. Fahim (Philip Zenni,yes,male,22,3rd
Lefebre,Master. Henry Forbes,no,male,NA,3rd
Lefebre,Miss. Ida,no,female,NA,3rd
Lefebre,Miss. Jeannie,no,female,NA,3rd
Lefebre,Miss. Mathilde,no,female,NA,3rd
Lefebre,Mrs. Frank (Frances),no,female,NA,3rd
Lehmann,Miss. Bertha,yes,female,17,2nd
Leinonen,Mr. Antti Gustaf,no,male,32,3rd
Leitch,Miss. Jessie Wills,yes,female,NA,2nd
Lemberopolous,Mr. Peter L,no,male,34.5,3rd
Lemore,Mrs. (Amelia Milley),yes,female,34,2nd
Lennon,Miss. Mary,no,female,NA,3rd
Lennon,Mr. Denis,no,male,NA,3rd
Leonard,Mr. Lionel,no,male,36,3rd
LeRoy,Miss. Bertha,yes,female,30,1st
Lester,Mr. James,no,male,39,3rd
Lesurer,Mr. Gustave J,yes,male,35,1st
Levy,Mr. Rene Jacques,no,male,36,2nd
Lewy,Mr. Ervin G,no,male,NA,1st
Leyson,Mr. Robert William Norm,no,male,24,2nd
Lievens,Mr. Rene Aime,no,male,24,3rd
Lindahl,Miss. Agda Thorilda Vi,no,female,25,3rd
Lindblom,Miss. Augusta Charlot,no,female,45,3rd
Lindeberg-Lind,Mr. Erik Gustaf,no,male,42,1st
Lindell,Mr. Edvard Bengtsson,no,male,36,3rd
Lindell,Mrs. Edvard Bengtsson,no,female,30,3rd
Lindqvist,Mr. Eino William,yes,male,20,3rd
Lindstrom,Mrs. Carl Johan (Sig,yes,female,55,1st
Linehan,Mr. Michael,no,male,NA,3rd
Lines,Miss. Mary Conover,yes,female,16,1st
Lines,Mrs. Ernest H (Elizabeth,yes,female,51,1st
Ling,Mr. Lee,no,male,28,3rd
Lingane,Mr. John,no,male,61,2nd
Lithman,Mr. Simon,no,male,NA,3rd
Lobb,Mr. William Arthur,no,male,30,3rd
Lobb,Mrs. William Arthur,no,female,26,3rd
Lockyer,Mr. Edward,no,male,NA,3rd
Long,Mr. Milton Clyde,no,male,29,1st
Longley,Miss. Gretchen Fiske,yes,female,21,1st
Loring,Mr. Joseph Holland,no,male,30,1st
Louch,Mr. Charles Alexander,no,male,50,2nd
Louch,Mrs. Charles Alexander ,yes,female,42,2nd
Lovell,Mr. John Hall (Henry),no,male,20.5,3rd
Lulic,Mr. Nikola,yes,male,27,3rd
Lundahl,Mr. Johan Svensson,no,male,51,3rd
Lundin,Miss. Olga Elida,yes,female,23,3rd
Lundstrom,Mr. Thure Edvin,yes,male,32,3rd
Lurette,Miss. Elise,yes,female,58,1st
Lyntakoff,Mr. Stanko,no,male,NA,3rd
Mack,Mrs. (Mary),no,female,57,2nd
MacKay,Mr. George William,no,male,NA,3rd
Madigan,Miss. Margaret Maggie,yes,female,NA,3rd
Madill,Miss. Georgette Alexand,yes,female,15,1st
Madsen,Mr. Fridtjof Arne,yes,male,24,3rd
Maenpaa,Mr. Matti Alexanteri,no,male,22,3rd
Maguire,Mr. John Edward,no,male,30,1st
Mahon,Miss. Bridget Delia,no,female,NA,3rd
Mahon,Mr. John,no,male,NA,3rd
Maioni,Miss. Roberta,yes,female,16,1st
Maisner,Mr. Simon,no,male,NA,3rd
Makinen,Mr. Kalle Edvard,no,male,29,3rd
Malachard,Mr. Noel,no,male,NA,2nd
Mallet,Master. Andre,yes,male,1,2nd
Mallet,Mr. Albert,no,male,31,2nd
Mallet,Mrs. Albert (Antoinette,yes,female,24,2nd
Mamee,Mr. Hanna,yes,male,NA,3rd
Mangan,Miss. Mary,no,female,30.5,3rd
Mangiavacchi,Mr. Serafino Emil,no,male,NA,2nd
Mannion,Miss. Margareth,yes,female,NA,3rd
Mardirosian,Mr. Sarkis,no,male,NA,3rd
Marechal,Mr. Pierre,yes,male,NA,1st
Markoff,Mr. Marin,no,male,35,3rd
Markun,Mr. Johann,no,male,33,3rd
Marvin,Mr. Daniel Warner,no,male,19,1st
Marvin,Mrs. Daniel Warner (Mar,yes,female,18,1st
Masselmani,Mrs. Fatima,yes,female,NA,3rd
Matinoff,Mr. Nicola,no,male,NA,3rd
Matthews,Mr. William John,no,male,30,2nd
Maybery,Mr. Frank Hubert,no,male,40,2nd
Mayne,Mlle. Berthe Antonine,yes,female,24,1st
McCaffry,Mr. Thomas Francis,no,male,46,1st
McCarthy,Miss. Catherine Kati,yes,female,NA,3rd
McCarthy,Mr. Timothy J,no,male,54,1st
McCormack,Mr. Thomas Joseph,yes,male,NA,3rd
McCoy,Miss. Agnes,yes,female,NA,3rd
McCoy,Miss. Alicia,yes,female,NA,3rd
McCoy,Mr. Bernard,yes,male,NA,3rd
McCrae,Mr. Arthur Gordon,no,male,32,2nd
McCrie,Mr. James Matthew,no,male,30,2nd
McDermott,Miss. Brigdet Delia,yes,female,NA,3rd
McEvoy,Mr. Michael,no,male,NA,3rd
McGough,Mr. James Robert,yes,male,36,1st
McGovern,Miss. Mary,yes,female,NA,3rd
McGowan,Miss. Anna Annie,yes,female,15,3rd
McGowan,Miss. Katherine,no,female,35,3rd
McKane,Mr. Peter David,no,male,46,2nd
McMahon,Mr. Martin,no,male,NA,3rd
McNamee,Mr. Neal,no,male,24,3rd
McNamee,Mrs. Neal (Eileen O'Le,no,female,19,3rd
McNeill,Miss. Bridget,no,female,NA,3rd
Meanwell,Miss. (Marion Ogden),no,female,NA,3rd
Meek,Mrs. Thomas (Annie),no,female,NA,3rd
Mellinger,Miss. Madeleine Viol,yes,female,13,2nd
Mellinger,Mrs. (Elizabeth Anne,yes,female,41,2nd
Mellors,Mr. William John,yes,male,19,2nd
Meo,Mr. Alfonzo,no,male,55.5,3rd
Mernagh,Mr. Robert,no,male,NA,3rd
Meyer,Mr. August,no,male,39,2nd
Meyer,Mr. Edgar Joseph,no,male,28,1st
Meyer,Mrs. Edgar Joseph (Leila,yes,female,NA,1st
Midtsjo,Mr. Karl Albert,yes,male,21,3rd
Miles,Mr. Frank,no,male,NA,3rd
Millet,Mr. Francis Davis,no,male,65,1st
Milling,Mr. Jacob Christian,no,male,48,2nd
Minahan,Dr. William Edward,no,male,44,1st
Minahan,Miss. Daisy E,yes,female,33,1st
Minahan,Mrs. William Edward (L,yes,female,37,1st
Mineff,Mr. Ivan,no,male,24,3rd
Minkoff,Mr. Lazar,no,male,21,3rd
Mionoff,Mr. Stoytcho,no,male,28,3rd
Mitchell,Mr. Henry Michael,no,male,70,2nd
Mitkoff,Mr. Mito,no,male,NA,3rd
Mock,Mr. Philipp Edmund,yes,male,30,1st
Mockler,Miss. Helen Mary Elli,yes,female,NA,3rd
Moen,Mr. Sigurd Hansen,no,male,25,3rd
Molson,Mr. Harry Markland,no,male,55,1st
Montvila,Rev. Juozas,no,male,27,2nd
Moor,Master. Meier,yes,male,6,3rd
Moor,Mrs. (Beila),yes,female,27,3rd
Moore,Mr. Clarence Bloomfield,no,male,47,1st
Moore,Mr. Leonard Charles,no,male,NA,3rd
Moran,Miss. Bertha,yes,female,NA,3rd
Moran,Mr. Daniel J,no,male,NA,3rd
Moran,Mr. James,no,male,NA,3rd
Moraweck,Dr. Ernest,no,male,54,2nd
Morley,Mr. Henry Samuel (Mr H,no,male,39,2nd
Morley,Mr. William,no,male,34,3rd
Morrow,Mr. Thomas Rowan,no,male,NA,3rd
Moss,Mr. Albert Johan,yes,male,NA,3rd
Moubarek,Master. Gerios,yes,male,NA,3rd
Moubarek,Master. Halim Gonios,yes,male,NA,3rd
Moubarek,Mrs. George (Omine A,yes,female,NA,3rd
Moussa,Mrs. (Mantoura Boulos),yes,female,NA,3rd
Moutal,Mr. Rahamin Haim,no,male,NA,3rd
Mudd,Mr. Thomas Charles,no,male,16,2nd
Mullens,Miss. Katherine Katie,yes,female,NA,3rd
Mulvihill,Miss. Bertha E,yes,female,24,3rd
Murdlin,Mr. Joseph,no,male,NA,3rd
Murphy,Miss. Katherine Kate,yes,female,NA,3rd
Murphy,Miss. Margaret Jane,yes,female,NA,3rd
Murphy,Miss. Nora,yes,female,NA,3rd
Myhrman,Mr. Pehr Fabian Oliver,no,male,18,3rd
Myles,Mr. Thomas Francis,no,male,62,2nd
Naidenoff,Mr. Penko,no,male,22,3rd
Najib,Miss. Adele Kiamie Jane,yes,female,15,3rd
Nakid,Miss. Maria (Mary),yes,female,1,3rd
Nakid,Mr. Sahid,yes,male,20,3rd
Nakid,Mrs. Said (Waika Mary,yes,female,19,3rd
Nancarrow,Mr. William Henry,no,male,33,3rd
Nankoff,Mr. Minko,no,male,NA,3rd
Nasr,Mr. Mustafa,no,male,NA,3rd
Nasser,Mr. Nicholas,no,male,32.5,2nd
Nasser,Mrs. Nicholas (Adele Ac,yes,female,14,2nd
Natsch,Mr. Charles H,no,male,37,1st
Naughton,Miss. Hannah,no,female,NA,3rd
Navratil,Master. Edmond Roger,yes,male,2,2nd
Navratil,Master. Michel M,yes,male,3,2nd
Navratil,Mr. Michel (Louis M,no,male,36.5,2nd
Nenkoff,Mr. Christo,no,male,NA,3rd
Nesson,Mr. Israel,no,male,26,2nd
Newell,Miss. Madeleine,yes,female,31,1st
Newell,Miss. Marjorie,yes,female,23,1st
Newell,Mr. Arthur Webster,no,male,58,1st
Newsom,Miss. Helen Monypeny,yes,female,19,1st
Nicholls,Mr. Joseph Charles,no,male,19,2nd
Nicholson,Mr. Arthur Ernest,no,male,64,1st
Nicola-Yarred,Master. Elias,yes,male,12,3rd
Nicola-Yarred,Miss. Jamila,yes,female,14,3rd
Nieminen,Miss. Manta Josefina,no,female,29,3rd
Niklasson,Mr. Samuel,no,male,28,3rd
Nilsson,Miss. Berta Olivia,yes,female,18,3rd
Nilsson,Miss. Helmina Josefina,yes,female,26,3rd
Nilsson,Mr. August Ferdinand,no,male,21,3rd
Nirva,Mr. Iisakki Antino Aijo,no,male,41,3rd
Niskanen,Mr. Juha,yes,male,39,3rd
Norman,Mr. Robert Douglas,no,male,28,2nd
Nosworthy,Mr. Richard Cater,no,male,21,3rd
Nourney,Mr. Alfred (Baron von,yes,male,20,2nd
Novel,Mr. Mansouer,no,male,28.5,3rd
Nye,Mrs. (Elizabeth Ramell),yes,female,29,2nd
Nysten,Miss. Anna Sofia,yes,female,22,3rd
Nysveen,Mr. Johan Hansen,no,male,61,3rd
O'Brien,Mr. Thomas,no,male,NA,3rd
O'Brien,Mr. Timothy,no,male,NA,3rd
O'Brien,Mrs. Thomas (Johanna ,yes,female,NA,3rd
O'Connell,Mr. Patrick D,no,male,NA,3rd
O'Connor,Mr. Maurice,no,male,NA,3rd
O'Connor,Mr. Patrick,no,male,NA,3rd
Odahl,Mr. Nils Martin,no,male,23,3rd
O'Donoghue,Ms. Bridget,no,female,NA,3rd
O'Driscoll,Miss. Bridget,yes,female,NA,3rd
O'Dwyer,Miss. Ellen Nellie,yes,female,NA,3rd
Ohman,Miss. Velin,yes,female,22,3rd
O'Keefe,Mr. Patrick,yes,male,NA,3rd
O'Leary,Miss. Hanora Norah,yes,female,NA,3rd
Oliva y Ocana,Dona. Fermina,yes,female,39,1st
Olsen,Master. Artur Karl,yes,male,9,3rd
Olsen,Mr. Henry Margido,no,male,28,3rd
Olsen,Mr. Karl Siegwart Andrea,no,male,42,3rd
Olsen,Mr. Ole Martin,no,male,NA,3rd
Olsson,Miss. Elina,no,female,31,3rd
Olsson,Mr. Nils Johan Goransso,no,male,28,3rd
Olsson,Mr. Oscar Wilhelm,yes,male,32,3rd
Olsvigen,Mr. Thor Anderson,no,male,20,3rd
Omont,Mr. Alfred Fernand,yes,male,NA,1st
Oreskovic,Miss. Jelka,no,female,23,3rd
Oreskovic,Miss. Marija,no,female,20,3rd
Oreskovic,Mr. Luka,no,male,20,3rd
Osen,Mr. Olaf Elon,no,male,16,3rd
Osman,Mrs. Mara,yes,female,31,3rd
Ostby,Miss. Helene Ragnhild,yes,female,22,1st
Ostby,Mr. Engelhart Cornelius,no,male,65,1st
O'Sullivan,Miss. Bridget Mary,no,female,NA,3rd
Otter,Mr. Richard,no,male,39,2nd
Ovies y Rodriguez,Mr. Servando,no,male,28.5,1st
Oxenham,Mr. Percy Thomas,yes,male,22,2nd
Padro y Manent,Mr. Julian,yes,male,NA,2nd
Pain,Dr. Alfred,no,male,23,2nd
Pallas y Castello,Mr. Emilio,yes,male,29,2nd
Palsson,Master. Gosta Leonard,no,male,2,3rd
Palsson,Master. Paul Folke,no,male,6,3rd
Palsson,Miss. Stina Viola,no,female,3,3rd
Palsson,Miss. Torborg Danira,no,female,8,3rd
Palsson,Mrs. Nils (Alma Cornel,no,female,29,3rd
Panula,Master. Eino Viljami,no,male,1,3rd
Panula,Master. Juha Niilo,no,male,7,3rd
Panula,Master. Urho Abraham,no,male,2,3rd
Panula,Mr. Ernesti Arvid,no,male,16,3rd
Panula,Mr. Jaako Arnold,no,male,14,3rd
Panula,Mrs. Juha (Maria Emilia,no,female,41,3rd
Parker,Mr. Clifford Richard,no,male,28,2nd
Parkes,Mr. Francis Frank,no,male,NA,2nd
Parr,Mr. William Henry Marsh,no,male,NA,1st
Parrish,Mrs. (Lutie Davis),yes,female,50,2nd
Partner,Mr. Austen,no,male,45.5,1st
Pasic,Mr. Jakob,no,male,21,3rd
Patchett,Mr. George,no,male,19,3rd
Paulner,Mr. Uscher,no,male,NA,3rd
Pavlovic,Mr. Stefo,no,male,32,3rd
Payne,Mr. Vivian Ponsonby,no,male,23,1st
Peacock,Master. Alfred Edward,no,male,0.75,3rd
Peacock,Miss. Treasteall,no,female,3,3rd
Peacock,Mrs. Benjamin (Edith N,no,female,26,3rd
Pearce,Mr. Ernest,no,male,NA,3rd
Pears,Mr. Thomas Clinton,no,male,29,1st
Pears,Mrs. Thomas (Edith Wearn,yes,female,22,1st
Pedersen,Mr. Olaf,no,male,NA,3rd
Peduzzi,Mr. Joseph,no,male,NA,3rd
Pekoniemi,Mr. Edvard,no,male,21,3rd
Peltomaki,Mr. Nikolai Johannes,no,male,25,3rd
Penasco y Castellana,Mr. Victo,no,male,18,1st
Penasco y Castellana,Mrs. Vict,yes,female,17,1st
Pengelly,Mr. Frederick William,no,male,19,2nd
Perkin,Mr. John Henry,no,male,22,3rd
Pernot,Mr. Rene,no,male,NA,2nd
Perreault,Miss. Anne,yes,female,30,1st
Persson,Mr. Ernst Ulrik,yes,male,25,3rd
Peruschitz,Rev. Joseph Maria,no,male,41,2nd
Peter,Master. Michael J,yes,male,NA,3rd
Peter,Miss. Anna,yes,female,NA,3rd
Peter,Mrs. Catherine (Catherin,yes,female,NA,3rd
Peters,Miss. Katie,no,female,NA,3rd
Petersen,Mr. Marius,no,male,24,3rd
Petranec,Miss. Matilda,no,female,28,3rd
Petroff,Mr. Nedelio,no,male,19,3rd
Petroff,Mr. Pastcho (Pentcho,no,male,NA,3rd
Petterson,Mr. Johan Emil,no,male,25,3rd
Pettersson,Miss. Ellen Natalia,no,female,18,3rd
Peuchen,Major. Arthur Godfrey,yes,male,52,1st
Phillips,Miss. Alice Frances L,yes,female,21,2nd
Phillips,Miss. Kate Florence (,yes,female,19,2nd
Phillips,Mr. Escott Robert,no,male,43,2nd
Pickard,Mr. Berk (Berk Trembis,yes,male,32,3rd
Pinsky,Mrs. (Rosa),yes,female,32,2nd
Plotcharsky,Mr. Vasil,no,male,NA,3rd
Pokrnic,Mr. Mate,no,male,17,3rd
Pokrnic,Mr. Tome,no,male,24,3rd
Ponesell,Mr. Martin,no,male,34,2nd
Portaluppi,Mr. Emilio Ilario G,yes,male,30,2nd
Porter,Mr. Walter Chamberlain,no,male,47,1st
Potter,Mrs. Thomas Jr (Lily Al,yes,female,56,1st
Pulbaum,Mr. Franz,no,male,27,2nd
Quick,Miss. Phyllis May,yes,female,2,2nd
Quick,Miss. Winifred Vera,yes,female,8,2nd
Quick,Mrs. Frederick Charles (,yes,female,33,2nd
Radeff,Mr. Alexander,no,male,NA,3rd
Rasmussen,Mrs. (Lena Jacobsen,no,female,NA,3rd
Razi,Mr. Raihed,no,male,NA,3rd
Reed,Mr. James George,no,male,NA,3rd
Reeves,Mr. David,no,male,36,2nd
Rekic,Mr. Tido,no,male,38,3rd
Renouf,Mr. Peter Henry,no,male,34,2nd
Renouf,Mrs. Peter Henry (Lilli,yes,female,30,2nd
Reuchlin,Jonkheer. John George,no,male,38,1st
Reynaldo,Ms. Encarnacion,yes,female,28,2nd
Reynolds,Mr. Harold J,no,male,21,3rd
Rheims,Mr. George Alexander Lu,yes,male,NA,1st
Rice,Master. Albert,no,male,10,3rd
Rice,Master. Arthur,no,male,4,3rd
Rice,Master. Eric,no,male,7,3rd
Rice,Master. Eugene,no,male,2,3rd
Rice,Master. George Hugh,no,male,8,3rd
Rice,Mrs. William (Margaret No,no,female,39,3rd
Richard,Mr. Emile,no,male,23,2nd
Richards,Master. George Sibley,yes,male,0.833299994,2nd
Richards,Master. William Rowe,yes,male,3,2nd
Richards,Mrs. Sidney (Emily Ho,yes,female,24,2nd
Ridsdale,Miss. Lucy,yes,female,50,2nd
Riihivouri,Miss. Susanna Juhan,no,female,22,3rd
Ringhini,Mr. Sante,no,male,22,1st
Rintamaki,Mr. Matti,no,male,35,3rd
Riordan,Miss. Johanna Hannah,yes,female,NA,3rd
Risien,Mr. Samuel Beard,no,male,NA,3rd
Risien,Mrs. Samuel (Emma),no,female,NA,3rd
Robbins,Mr. Victor,no,male,NA,1st
Robert,Mrs. Edward Scott (Elis,yes,female,43,1st
Robins,Mr. Alexander A,no,male,50,3rd
Robins,Mrs. Alexander A (Grace,no,female,47,3rd
Roebling,Mr. Washington August,no,male,31,1st
Rogers,Mr. Reginald Harry,no,male,19,2nd
Rogers,Mr. William John,no,male,NA,3rd
Romaine,Mr. Charles Hallace (,yes,male,45,1st
Rommetvedt,Mr. Knud Paust,no,male,NA,3rd
Rood,Mr. Hugh Roscoe,no,male,NA,1st
Rosblom,Miss. Salli Helena,no,female,2,3rd
Rosblom,Mr. Viktor Richard,no,male,18,3rd
Rosblom,Mrs. Viktor (Helena Wi,no,female,41,3rd
Rosenbaum,Miss. Edith Louise,yes,female,33,1st
Rosenshine,Mr. George (Mr Geo,no,male,46,1st
Ross,Mr. John Hugo,no,male,36,1st
Roth,Miss. Sarah A,yes,female,NA,3rd
Rothes,the Countess. of (Lucy,yes,female,33,1st
Rothschild,Mr. Martin,no,male,55,1st
Rothschild,Mrs. Martin (Elizab,yes,female,54,1st
Rouse,Mr. Richard Henry,no,male,50,3rd
Rowe,Mr. Alfred G,no,male,33,1st
Rugg,Miss. Emily,yes,female,21,2nd
Rush,Mr. Alfred George John,no,male,16,3rd
Ryan,Mr. Edward,yes,male,NA,3rd
Ryan,Mr. Patrick,no,male,NA,3rd
Ryerson,Master. John Borie,yes,male,13,1st
Ryerson,Miss. Emily Borie,yes,female,18,1st
Ryerson,Miss. Susan Parker Su,yes,female,21,1st
Ryerson,Mr. Arthur Larned,no,male,61,1st
Ryerson,Mrs. Arthur Larned (Em,yes,female,48,1st
Saad,Mr. Amin,no,male,NA,3rd
Saad,Mr. Khalil,no,male,25,3rd
Saade,Mr. Jean Nassr,no,male,NA,3rd
Saalfeld,Mr. Adolphe,yes,male,NA,1st
Sadlier,Mr. Matthew,no,male,NA,3rd
Sadowitz,Mr. Harry,no,male,NA,3rd
Saether,Mr. Simon Sivertsen,no,male,38.5,3rd
Sage,Master. Thomas Henry,no,male,NA,3rd
Sage,Master. William Henry,no,male,14.5,3rd
Sage,Miss. Ada,no,female,NA,3rd
Sage,Miss. Constance Gladys,no,female,NA,3rd
Sage,Miss. Dorothy Edith Doll,no,female,NA,3rd
Sage,Miss. Stella Anna,no,female,NA,3rd
Sage,Mr. Douglas Bullen,no,male,NA,3rd
Sage,Mr. Frederick,no,male,NA,3rd
Sage,Mr. George John Jr,no,male,NA,3rd
Sage,Mr. John George,no,male,NA,3rd
Sage,Mrs. John (Annie Bullen),no,female,NA,3rd
Sagesser,Mlle. Emma,yes,female,24,1st
Salander,Mr. Karl Johan,no,male,24,3rd
Salkjelsvik,Miss. Anna Kristin,yes,female,21,3rd
Salomon,Mr. Abraham L,yes,male,NA,1st
Salonen,Mr. Johan Werner,no,male,39,3rd
Samaan,Mr. Elias,no,male,NA,3rd
Samaan,Mr. Hanna,no,male,NA,3rd
Samaan,Mr. Youssef,no,male,NA,3rd
Sandstrom,Miss. Beatrice Irene,yes,female,1,3rd
Sandstrom,Miss. Marguerite Rut,yes,female,4,3rd
Sandstrom,Mrs. Hjalmar (Agnes,yes,female,24,3rd
Sap,Mr. Julius,yes,male,25,3rd
Saundercock,Mr. William Henry,no,male,20,3rd
Sawyer,Mr. Frederick Charles,no,male,24.5,3rd
Scanlan,Mr. James,no,male,NA,3rd
Schabert,Mrs. Paul (Emma Mock),yes,female,35,1st
Schmidt,Mr. August,no,male,26,2nd
Sdycoff,Mr. Todor,no,male,NA,3rd
Sedgwick,Mr. Charles Frederick,no,male,25,2nd
Serepeca,Miss. Augusta,yes,female,30,1st
Seward,Mr. Frederic Kimber,yes,male,34,1st
Sharp,Mr. Percival James R,no,male,27,2nd
Shaughnessy,Mr. Patrick,no,male,NA,3rd
Sheerlinck,Mr. Jan Baptist,yes,male,29,3rd
Shellard,Mr. Frederick William,no,male,NA,3rd
Shelley,Mrs. William (Imanita,yes,female,25,2nd
Shine,Miss. Ellen Natalia,yes,female,NA,3rd
Shorney,Mr. Charles Joseph,no,male,NA,3rd
Shutes,Miss. Elizabeth W,yes,female,40,1st
Silven,Miss. Lyyli Karoliina,yes,female,18,2nd
Silverthorne,Mr. Spencer Victo,yes,male,35,1st
Silvey,Mr. William Baird,no,male,50,1st
Silvey,Mrs. William Baird (Ali,yes,female,39,1st
Simmons,Mr. John,no,male,NA,3rd
Simonius-Blumer,Col. Oberst Al,yes,male,56,1st
Sincock,Miss. Maude,yes,female,20,2nd
Sinkkonen,Miss. Anna,yes,female,30,2nd
Sirayanian,Mr. Orsen,no,male,22,3rd
Sirota,Mr. Maurice,no,male,NA,3rd
Sivic,Mr. Husein,no,male,40,3rd
Sivola,Mr. Antti Wilhelm,no,male,21,3rd
Sjoblom,Miss. Anna Sofia,yes,female,18,3rd
Sjostedt,Mr. Ernst Adolf,no,male,59,2nd
Skoog,Master. Harald,no,male,4,3rd
Skoog,Master. Karl Thorsten,no,male,10,3rd
Skoog,Miss. Mabel,no,female,9,3rd
Skoog,Miss. Margit Elizabeth,no,female,2,3rd
Skoog,Mr. Wilhelm,no,male,40,3rd
Skoog,Mrs. William (Anna Bernh,no,female,45,3rd
Slabenoff,Mr. Petco,no,male,NA,3rd
Slayter,Miss. Hilda Mary,yes,female,30,2nd
Slemen,Mr. Richard James,no,male,35,2nd
Slocovski,Mr. Selman Francis,no,male,NA,3rd
Sloper,Mr. William Thompson,yes,male,28,1st
Smart,Mr. John Montgomery,no,male,56,1st
Smiljanic,Mr. Mile,no,male,NA,3rd
Smith,Miss. Marion Elsie,yes,female,40,2nd
Smith,Mr. James Clinch,no,male,56,1st
Smith,Mr. Lucien Philip,no,male,24,1st
Smith,Mr. Richard William,no,male,NA,1st
Smith,Mr. Thomas,no,male,NA,3rd
Smith,Mrs. Lucien Philip (Mary,yes,female,18,1st
Smyth,Miss. Julia,yes,female,NA,3rd
Snyder,Mr. John Pillsbury,yes,male,24,1st
Snyder,Mrs. John Pillsbury (Ne,yes,female,23,1st
Sobey,Mr. Samuel James Hayden,no,male,25,2nd
Soholt,Mr. Peter Andreas Lauri,no,male,19,3rd
Somerton,Mr. Francis William,no,male,30,3rd
Spector,Mr. Woolf,no,male,NA,3rd
Spedden,Master. Robert Douglas,yes,male,6,1st
Spedden,Mr. Frederic Oakley,yes,male,45,1st
Spedden,Mrs. Frederic Oakley (,yes,female,40,1st
Spencer,Mr. William Augustus,no,male,57,1st
Spencer,Mrs. William Augustus,yes,female,NA,1st
Spinner,Mr. Henry John,no,male,32,3rd
Stahelin-Maeglin,Dr. Max,yes,male,32,1st
Staneff,Mr. Ivan,no,male,NA,3rd
Stankovic,Mr. Ivan,no,male,33,3rd
Stanley,Miss. Amy Zillah Elsie,yes,female,23,3rd
Stanley,Mr. Edward Roland,no,male,21,3rd
Stanton,Mr. Samuel Ward,no,male,41,2nd
Stead,Mr. William Thomas,no,male,62,1st
Stengel,Mr. Charles Emil Henry,yes,male,54,1st
Stengel,Mrs. Charles Emil Henr,yes,female,43,1st
Stephenson,Mrs. Walter Bertram,yes,female,52,1st
Stewart,Mr. Albert A,no,male,NA,1st
Stokes,Mr. Philip Joseph,no,male,25,2nd
Stone,Mrs. George Nelson (Mart,yes,female,62,1st
Storey,Mr. Thomas,no,male,60.5,3rd
Stoytcheff,Mr. Ilia,no,male,19,3rd
Strandberg,Miss. Ida Sofia,no,female,22,3rd
Stranden,Mr. Juho,yes,male,31,3rd
Straus,Mr. Isidor,no,male,67,1st
Straus,Mrs. Isidor (Rosalie Id,no,female,63,1st
Strilic,Mr. Ivan,no,male,27,3rd
Strom,Miss. Telma Matilda,no,female,2,3rd
Strom,Mrs. Wilhelm (Elna Matil,no,female,29,3rd
Sunderland,Mr. Victor Francis,yes,male,16,3rd
Sundman,Mr. Johan Julian,yes,male,44,3rd
Sutehall,Mr. Henry Jr,no,male,25,3rd
Sutton,Mr. Frederick,no,male,61,1st
Svensson,Mr. Johan,no,male,74,3rd
Svensson,Mr. Johan Cervin,yes,male,14,3rd
Svensson,Mr. Olof,no,male,24,3rd
Swane,Mr. George,no,male,18.5,2nd
Sweet,Mr. George Frederick,no,male,14,2nd
Swift,Mrs. Frederick Joel (Mar,yes,female,48,1st
Taussig,Miss. Ruth,yes,female,18,1st
Taussig,Mr. Emil,no,male,52,1st
Taussig,Mrs. Emil (Tillie Mand,yes,female,39,1st
Taylor,Mr. Elmer Zebley,yes,male,48,1st
Taylor,Mrs. Elmer Zebley (Juli,yes,female,NA,1st
Tenglin,Mr. Gunnar Isidor,yes,male,25,3rd
Thayer,Mr. John Borland,no,male,49,1st
Thayer,Mr. John Borland Jr,yes,male,17,1st
Thayer,Mrs. John Borland (Mari,yes,female,39,1st
Theobald,Mr. Thomas Leonard,no,male,34,3rd
Thomas,Master. Assad Alexander,yes,male,0.416700006,3rd
Thomas,Mr. Charles P,no,male,NA,3rd
Thomas,Mr. John,no,male,NA,3rd
Thomas,Mr. Tannous,no,male,NA,3rd
Thomas,Mrs. Alexander (Thamine,yes,female,16,3rd
Thomson,Mr. Alexander Morrison,no,male,NA,3rd
Thorne,Mrs. Gertrude Maybelle,yes,female,NA,1st
Thorneycroft,Mr. Percival,no,male,NA,3rd
Thorneycroft,Mrs. Percival (Fl,yes,female,NA,3rd
Tikkanen,Mr. Juho,no,male,32,3rd
Tobin,Mr. Roger,no,male,NA,3rd
Todoroff,Mr. Lalio,no,male,NA,3rd
Tomlin,Mr. Ernest Portage,no,male,30.5,3rd
Toomey,Miss. Ellen,yes,female,50,2nd
Torber,Mr. Ernst William,no,male,44,3rd
Torfa,Mr. Assad,no,male,NA,3rd
Tornquist,Mr. William Henry,yes,male,25,3rd
Toufik,Mr. Nakli,no,male,NA,3rd
Touma,Master. Georges Youssef,yes,male,7,3rd
Touma,Miss. Maria Youssef,yes,female,9,3rd
Touma,Mrs. Darwis (Hanne Youss,yes,female,29,3rd
Troupiansky,Mr. Moses Aaron,no,male,23,2nd
Trout,Mrs. William H (Jessie L,yes,female,28,2nd
Troutt,Miss. Edwina Celia Win,yes,female,27,2nd
Tucker,Mr. Gilbert Milligan Jr,yes,male,31,1st
Turcin,Mr. Stjepan,no,male,36,3rd
Turja,Miss. Anna Sofia,yes,female,18,3rd
Turkula,Mrs. (Hedwig),yes,female,63,3rd
Turpin,Mr. William John Robert,no,male,29,2nd
Turpin,Mrs. William John Rober,no,female,27,2nd
Uruchurtu,Don. Manuel E,no,male,40,1st
van Billiard,Master. James Wil,no,male,NA,3rd
van Billiard,Master. Walter Jo,no,male,11.5,3rd
van Billiard,Mr. Austin Blyler,no,male,40.5,3rd
Van der hoef,Mr. Wyckoff,no,male,61,1st
Van Impe,Miss. Catharina,no,female,10,3rd
Van Impe,Mr. Jean Baptiste,no,male,36,3rd
Van Impe,Mrs. Jean Baptiste (R,no,female,30,3rd
van Melkebeke,Mr. Philemon,no,male,NA,3rd
Vande Velde,Mr. Johannes Josep,no,male,33,3rd
Vande Walle,Mr. Nestor Cyriel,no,male,28,3rd
Vanden Steen,Mr. Leo Peter,no,male,28,3rd
Vander Cruyssen,Mr. Victor,no,male,47,3rd
Vander Planke,Miss. Augusta Ma,no,female,18,3rd
Vander Planke,Mr. Julius,no,male,31,3rd
Vander Planke,Mr. Leo Edmondus,no,male,16,3rd
Vander Planke,Mrs. Julius (Eme,no,female,31,3rd
Vartanian,Mr. David,yes,male,22,3rd
Veal,Mr. James,no,male,40,2nd
Vendel,Mr. Olof Edvin,no,male,20,3rd
Vestrom,Miss. Hulda Amanda Ado,no,female,14,3rd
Vovk,Mr. Janko,no,male,22,3rd
Waelens,Mr. Achille,no,male,22,3rd
Walcroft,Miss. Nellie,yes,female,31,2nd
Walker,Mr. William Anderson,no,male,47,1st
Ward,Miss. Anna,yes,female,35,1st
Ware,Mr. Frederick,no,male,NA,3rd
Ware,Mr. John James,no,male,30,2nd
Ware,Mr. William Jeffery,no,male,23,2nd
Ware,Mrs. John James(Flo),yes,female,31,2nd
Warren,Mr. Charles William,no,male,NA,3rd
Warren,Mr. Frank Manley,no,male,64,1st
Warren,Mrs. Frank Manley (Anna,yes,female,60,1st
Watson,Mr. Ennis Hastings,no,male,NA,2nd
Watt,Miss. Bertha J,yes,female,12,2nd
Watt,Mrs. James (Elizabeth Be,yes,female,40,2nd
Webber,Miss. Susan,yes,female,32.5,2nd
Webber,Mr. James,no,male,NA,3rd
Weir,Col. John,no,male,60,1st
Weisz,Mr. Leopold,no,male,27,2nd
Weisz,Mrs. Leopold (Mathilde F,yes,female,29,2nd
Wells,Master. Ralph Lester,yes,male,2,2nd
Wells,Miss. Joan,yes,female,4,2nd
Wells,Mrs. Arthur Henry (Addi,yes,female,29,2nd
Wenzel,Mr. Linhart,no,male,32.5,3rd
West,Miss. Barbara J,yes,female,0.916700006,2nd
West,Miss. Constance Mirium,yes,female,5,2nd
West,Mr. Edwy Arthur,no,male,36,2nd
West,Mrs. Edwy Arthur (Ada),yes,female,33,2nd
Whabee,Mrs. George Joseph (Sha,yes,female,38,3rd
Wheadon,Mr. Edward H,no,male,66,2nd
Wheeler,Mr. Edwin Frederick,no,male,NA,2nd
White,Mr. Percival Wayland,no,male,54,1st
White,Mr. Richard Frasar,no,male,21,1st
White,Mrs. John Stuart (Ella H,yes,female,55,1st
Wick,Miss. Mary Natalie,yes,female,31,1st
Wick,Mr. George Dennick,no,male,57,1st
Wick,Mrs. Geo. Dennick(Mary,yes,female,45,1st
Widegren,Mr. Carl/Charles Pete,no,male,51,3rd
Widener,Mr. George Dunton,no,male,50,1st
Widener,Mr. Harry Elkins,no,male,27,1st
Widener,Mrs. George Dunton (El,yes,female,50,1st
Wiklund,Mr. Jakob Alfred,no,male,18,3rd
Wiklund,Mr. Karl Johan,no,male,21,3rd
Wilhelms,Mr. Charles,yes,male,31,2nd
Wilkes,Mrs. James (Ellen Needs,yes,female,47,3rd
Willard,Miss. Constance,yes,female,21,1st
Willer,Mr. Aaron (Abi Weller,no,male,NA,3rd
Willey,Mr. Edward,no,male,NA,3rd
Williams,Mr. Charles Duane,no,male,51,1st
Williams,Mr. Charles Eugene,yes,male,NA,2nd
Williams,Mr. Howard Hugh Harr,no,male,NA,3rd
Williams,Mr. Leslie,no,male,28.5,3rd
Williams,Mr. Richard Norris II,yes,male,21,1st
Williams-Lambert,Mr. Fletcher,no,male,NA,1st
Wilson,Miss. Helen Alice,yes,female,31,1st
Windelov,Mr. Einar,no,male,21,3rd
Wirz,Mr. Albert,no,male,27,3rd
Wiseman,Mr. Phillippe,no,male,NA,3rd
Wittevrongel,Mr. Camille,no,male,36,3rd
Woolner,Mr. Hugh,yes,male,NA,1st
Wright,Miss. Marion,yes,female,26,2nd
Wright,Mr. George,no,male,62,1st
Yasbeck,Mr. Antoni,no,male,27,3rd
Yasbeck,Mrs. Antoni (Selini Al,yes,female,15,3rd
Young,Miss. Marie Grice,yes,female,36,1st
Youseff,Mr. Gerious,no,male,45.5,3rd
Yousif,Mr. Wazli,no,male,NA,3rd
Yousseff,Mr. Gerious,no,male,NA,3rd
Yrois,Miss. Henriette (Mrs Ha,no,female,24,2nd
Zabour,Miss. Hileni,no,female,14.5,3rd
Zabour,Miss. Thamine,no,female,NA,3rd
Zakarian,Mr. Mapriededer,no,male,26.5,3rd
Zakarian,Mr. Ortin,no,male,27,3rd
Zimmerman,Mr. Leo,no,male,29,3rd
